name,title,level,facing,categories,description,detail,remediation,metadata,cache_key
multiple_permissive_policies,Multiple Permissive Policies,WARN,EXTERNAL,"[""PERFORMANCE""]",Detects if multiple permissive row level security policies are present on a table for the same \`role\` and \`action\` (e.g. insert). Multiple permissive policies are suboptimal for performance as each policy must be executed for every relevant query.,"Table \`public.completed_tax_returns\` has multiple permissive policies for role \`anon\` for action \`INSERT\`. Policies include \`{""Admins can insert completed tax returns"",""Combined INSERT access for completed_tax_returns""}\`",https://supabase.com/docs/guides/database/database-linter?lint=0006_multiple_permissive_policies,"{""name"":""completed_tax_returns"",""type"":""table"",""schema"":""public""}",multiple_permissive_policies_public_completed_tax_returns_anon_INSERT
multiple_permissive_policies,Multiple Permissive Policies,WARN,EXTERNAL,"[""PERFORMANCE""]",Detects if multiple permissive row level security policies are present on a table for the same \`role\` and \`action\` (e.g. insert). Multiple permissive policies are suboptimal for performance as each policy must be executed for every relevant query.,"Table \`public.completed_tax_returns\` has multiple permissive policies for role \`anon\` for action \`SELECT\`. Policies include \`{""Combined SELECT access for completed_tax_returns"",""Users can view their own completed tax returns""}\`",https://supabase.com/docs/guides/database/database-linter?lint=0006_multiple_permissive_policies,"{""name"":""completed_tax_returns"",""type"":""table"",""schema"":""public""}",multiple_permissive_policies_public_completed_tax_returns_anon_SELECT
multiple_permissive_policies,Multiple Permissive Policies,WARN,EXTERNAL,"[""PERFORMANCE""]",Detects if multiple permissive row level security policies are present on a table for the same \`role\` and \`action\` (e.g. insert). Multiple permissive policies are suboptimal for performance as each policy must be executed for every relevant query.,"Table \`public.completed_tax_returns\` has multiple permissive policies for role \`anon\` for action \`UPDATE\`. Policies include \`{""Admins can update completed tax returns"",""Combined UPDATE access for completed_tax_returns""}\`",https://supabase.com/docs/guides/database/database-linter?lint=0006_multiple_permissive_policies,"{""name"":""completed_tax_returns"",""type"":""table"",""schema"":""public""}",multiple_permissive_policies_public_completed_tax_returns_anon_UPDATE
multiple_permissive_policies,Multiple Permissive Policies,WARN,EXTERNAL,"[""PERFORMANCE""]",Detects if multiple permissive row level security policies are present on a table for the same \`role\` and \`action\` (e.g. insert). Multiple permissive policies are suboptimal for performance as each policy must be executed for every relevant query.,"Table \`public.completed_tax_returns\` has multiple permissive policies for role \`authenticated\` for action \`INSERT\`. Policies include \`{""Admins can insert completed tax returns"",""Combined INSERT access for completed_tax_returns""}\`",https://supabase.com/docs/guides/database/database-linter?lint=0006_multiple_permissive_policies,"{""name"":""completed_tax_returns"",""type"":""table"",""schema"":""public""}",multiple_permissive_policies_public_completed_tax_returns_authenticated_INSERT
multiple_permissive_policies,Multiple Permissive Policies,WARN,EXTERNAL,"[""PERFORMANCE""]",Detects if multiple permissive row level security policies are present on a table for the same \`role\` and \`action\` (e.g. insert). Multiple permissive policies are suboptimal for performance as each policy must be executed for every relevant query.,"Table \`public.completed_tax_returns\` has multiple permissive policies for role \`authenticated\` for action \`SELECT\`. Policies include \`{""Combined SELECT access for completed_tax_returns"",""Users can view their own completed tax returns""}\`",https://supabase.com/docs/guides/database/database-linter?lint=0006_multiple_permissive_policies,"{""name"":""completed_tax_returns"",""type"":""table"",""schema"":""public""}",multiple_permissive_policies_public_completed_tax_returns_authenticated_SELECT
multiple_permissive_policies,Multiple Permissive Policies,WARN,EXTERNAL,"[""PERFORMANCE""]",Detects if multiple permissive row level security policies are present on a table for the same \`role\` and \`action\` (e.g. insert). Multiple permissive policies are suboptimal for performance as each policy must be executed for every relevant query.,"Table \`public.completed_tax_returns\` has multiple permissive policies for role \`authenticated\` for action \`UPDATE\`. Policies include \`{""Admins can update completed tax returns"",""Combined UPDATE access for completed_tax_returns""}\`",https://supabase.com/docs/guides/database/database-linter?lint=0006_multiple_permissive_policies,"{""name"":""completed_tax_returns"",""type"":""table"",""schema"":""public""}",multiple_permissive_policies_public_completed_tax_returns_authenticated_UPDATE
multiple_permissive_policies,Multiple Permissive Policies,WARN,EXTERNAL,"[""PERFORMANCE""]",Detects if multiple permissive row level security policies are present on a table for the same \`role\` and \`action\` (e.g. insert). Multiple permissive policies are suboptimal for performance as each policy must be executed for every relevant query.,"Table \`public.completed_tax_returns\` has multiple permissive policies for role \`authenticator\` for action \`INSERT\`. Policies include \`{""Admins can insert completed tax returns"",""Combined INSERT access for completed_tax_returns""}\`",https://supabase.com/docs/guides/database/database-linter?lint=0006_multiple_permissive_policies,"{""name"":""completed_tax_returns"",""type"":""table"",""schema"":""public""}",multiple_permissive_policies_public_completed_tax_returns_authenticator_INSERT
multiple_permissive_policies,Multiple Permissive Policies,WARN,EXTERNAL,"[""PERFORMANCE""]",Detects if multiple permissive row level security policies are present on a table for the same \`role\` and \`action\` (e.g. insert). Multiple permissive policies are suboptimal for performance as each policy must be executed for every relevant query.,"Table \`public.completed_tax_returns\` has multiple permissive policies for role \`authenticator\` for action \`SELECT\`. Policies include \`{""Combined SELECT access for completed_tax_returns"",""Users can view their own completed tax returns""}\`",https://supabase.com/docs/guides/database/database-linter?lint=0006_multiple_permissive_policies,"{""name"":""completed_tax_returns"",""type"":""table"",""schema"":""public""}",multiple_permissive_policies_public_completed_tax_returns_authenticator_SELECT
multiple_permissive_policies,Multiple Permissive Policies,WARN,EXTERNAL,"[""PERFORMANCE""]",Detects if multiple permissive row level security policies are present on a table for the same \`role\` and \`action\` (e.g. insert). Multiple permissive policies are suboptimal for performance as each policy must be executed for every relevant query.,"Table \`public.completed_tax_returns\` has multiple permissive policies for role \`authenticator\` for action \`UPDATE\`. Policies include \`{""Admins can update completed tax returns"",""Combined UPDATE access for completed_tax_returns""}\`",https://supabase.com/docs/guides/database/database-linter?lint=0006_multiple_permissive_policies,"{""name"":""completed_tax_returns"",""type"":""table"",""schema"":""public""}",multiple_permissive_policies_public_completed_tax_returns_authenticator_UPDATE
multiple_permissive_policies,Multiple Permissive Policies,WARN,EXTERNAL,"[""PERFORMANCE""]",Detects if multiple permissive row level security policies are present on a table for the same \`role\` and \`action\` (e.g. insert). Multiple permissive policies are suboptimal for performance as each policy must be executed for every relevant query.,"Table \`public.completed_tax_returns\` has multiple permissive policies for role \`dashboard_user\` for action \`INSERT\`. Policies include \`{""Admins can insert completed tax returns"",""Combined INSERT access for completed_tax_returns""}\`",https://supabase.com/docs/guides/database/database-linter?lint=0006_multiple_permissive_policies,"{""name"":""completed_tax_returns"",""type"":""table"",""schema"":""public""}",multiple_permissive_policies_public_completed_tax_returns_dashboard_user_INSERT
multiple_permissive_policies,Multiple Permissive Policies,WARN,EXTERNAL,"[""PERFORMANCE""]",Detects if multiple permissive row level security policies are present on a table for the same \`role\` and \`action\` (e.g. insert). Multiple permissive policies are suboptimal for performance as each policy must be executed for every relevant query.,"Table \`public.completed_tax_returns\` has multiple permissive policies for role \`dashboard_user\` for action \`SELECT\`. Policies include \`{""Combined SELECT access for completed_tax_returns"",""Users can view their own completed tax returns""}\`",https://supabase.com/docs/guides/database/database-linter?lint=0006_multiple_permissive_policies,"{""name"":""completed_tax_returns"",""type"":""table"",""schema"":""public""}",multiple_permissive_policies_public_completed_tax_returns_dashboard_user_SELECT
multiple_permissive_policies,Multiple Permissive Policies,WARN,EXTERNAL,"[""PERFORMANCE""]",Detects if multiple permissive row level security policies are present on a table for the same \`role\` and \`action\` (e.g. insert). Multiple permissive policies are suboptimal for performance as each policy must be executed for every relevant query.,"Table \`public.completed_tax_returns\` has multiple permissive policies for role \`dashboard_user\` for action \`UPDATE\`. Policies include \`{""Admins can update completed tax returns"",""Combined UPDATE access for completed_tax_returns""}\`",https://supabase.com/docs/guides/database/database-linter?lint=0006_multiple_permissive_policies,"{""name"":""completed_tax_returns"",""type"":""table"",""schema"":""public""}",multiple_permissive_policies_public_completed_tax_returns_dashboard_user_UPDATE
multiple_permissive_policies,Multiple Permissive Policies,WARN,EXTERNAL,"[""PERFORMANCE""]",Detects if multiple permissive row level security policies are present on a table for the same \`role\` and \`action\` (e.g. insert). Multiple permissive policies are suboptimal for performance as each policy must be executed for every relevant query.,"Table \`public.form_progress\` has multiple permissive policies for role \`anon\` for action \`DELETE\`. Policies include \`{""Combined DELETE access for form_progress"",""Users can delete their own form progress""}\`",https://supabase.com/docs/guides/database/database-linter?lint=0006_multiple_permissive_policies,"{""name"":""form_progress"",""type"":""table"",""schema"":""public""}",multiple_permissive_policies_public_form_progress_anon_DELETE
multiple_permissive_policies,Multiple Permissive Policies,WARN,EXTERNAL,"[""PERFORMANCE""]",Detects if multiple permissive row level security policies are present on a table for the same \`role\` and \`action\` (e.g. insert). Multiple permissive policies are suboptimal for performance as each policy must be executed for every relevant query.,"Table \`public.form_progress\` has multiple permissive policies for role \`anon\` for action \`INSERT\`. Policies include \`{""Combined INSERT access for form_progress"",""Users can insert their own form progress""}\`",https://supabase.com/docs/guides/database/database-linter?lint=0006_multiple_permissive_policies,"{""name"":""form_progress"",""type"":""table"",""schema"":""public""}",multiple_permissive_policies_public_form_progress_anon_INSERT
multiple_permissive_policies,Multiple Permissive Policies,WARN,EXTERNAL,"[""PERFORMANCE""]",Detects if multiple permissive row level security policies are present on a table for the same \`role\` and \`action\` (e.g. insert). Multiple permissive policies are suboptimal for performance as each policy must be executed for every relevant query.,"Table \`public.form_progress\` has multiple permissive policies for role \`anon\` for action \`SELECT\`. Policies include \`{""Combined SELECT access for form_progress"",""Users can view their own form progress""}\`",https://supabase.com/docs/guides/database/database-linter?lint=0006_multiple_permissive_policies,"{""name"":""form_progress"",""type"":""table"",""schema"":""public""}",multiple_permissive_policies_public_form_progress_anon_SELECT
multiple_permissive_policies,Multiple Permissive Policies,WARN,EXTERNAL,"[""PERFORMANCE""]",Detects if multiple permissive row level security policies are present on a table for the same \`role\` and \`action\` (e.g. insert). Multiple permissive policies are suboptimal for performance as each policy must be executed for every relevant query.,"Table \`public.form_progress\` has multiple permissive policies for role \`anon\` for action \`UPDATE\`. Policies include \`{""Combined UPDATE access for form_progress"",""Users can update their own form progress""}\`",https://supabase.com/docs/guides/database/database-linter?lint=0006_multiple_permissive_policies,"{""name"":""form_progress"",""type"":""table"",""schema"":""public""}",multiple_permissive_policies_public_form_progress_anon_UPDATE
multiple_permissive_policies,Multiple Permissive Policies,WARN,EXTERNAL,"[""PERFORMANCE""]",Detects if multiple permissive row level security policies are present on a table for the same \`role\` and \`action\` (e.g. insert). Multiple permissive policies are suboptimal for performance as each policy must be executed for every relevant query.,"Table \`public.form_progress\` has multiple permissive policies for role \`authenticated\` for action \`DELETE\`. Policies include \`{""Combined DELETE access for form_progress"",""Users can delete their own form progress""}\`",https://supabase.com/docs/guides/database/database-linter?lint=0006_multiple_permissive_policies,"{""name"":""form_progress"",""type"":""table"",""schema"":""public""}",multiple_permissive_policies_public_form_progress_authenticated_DELETE
multiple_permissive_policies,Multiple Permissive Policies,WARN,EXTERNAL,"[""PERFORMANCE""]",Detects if multiple permissive row level security policies are present on a table for the same \`role\` and \`action\` (e.g. insert). Multiple permissive policies are suboptimal for performance as each policy must be executed for every relevant query.,"Table \`public.form_progress\` has multiple permissive policies for role \`authenticated\` for action \`INSERT\`. Policies include \`{""Combined INSERT access for form_progress"",""Users can insert their own form progress""}\`",https://supabase.com/docs/guides/database/database-linter?lint=0006_multiple_permissive_policies,"{""name"":""form_progress"",""type"":""table"",""schema"":""public""}",multiple_permissive_policies_public_form_progress_authenticated_INSERT
multiple_permissive_policies,Multiple Permissive Policies,WARN,EXTERNAL,"[""PERFORMANCE""]",Detects if multiple permissive row level security policies are present on a table for the same \`role\` and \`action\` (e.g. insert). Multiple permissive policies are suboptimal for performance as each policy must be executed for every relevant query.,"Table \`public.form_progress\` has multiple permissive policies for role \`authenticated\` for action \`SELECT\`. Policies include \`{""Combined SELECT access for form_progress"",""Users can view their own form progress""}\`",https://supabase.com/docs/guides/database/database-linter?lint=0006_multiple_permissive_policies,"{""name"":""form_progress"",""type"":""table"",""schema"":""public""}",multiple_permissive_policies_public_form_progress_authenticated_SELECT
multiple_permissive_policies,Multiple Permissive Policies,WARN,EXTERNAL,"[""PERFORMANCE""]",Detects if multiple permissive row level security policies are present on a table for the same \`role\` and \`action\` (e.g. insert). Multiple permissive policies are suboptimal for performance as each policy must be executed for every relevant query.,"Table \`public.form_progress\` has multiple permissive policies for role \`authenticated\` for action \`UPDATE\`. Policies include \`{""Combined UPDATE access for form_progress"",""Users can update their own form progress""}\`",https://supabase.com/docs/guides/database/database-linter?lint=0006_multiple_permissive_policies,"{""name"":""form_progress"",""type"":""table"",""schema"":""public""}",multiple_permissive_policies_public_form_progress_authenticated_UPDATE
multiple_permissive_policies,Multiple Permissive Policies,WARN,EXTERNAL,"[""PERFORMANCE""]",Detects if multiple permissive row level security policies are present on a table for the same \`role\` and \`action\` (e.g. insert). Multiple permissive policies are suboptimal for performance as each policy must be executed for every relevant query.,"Table \`public.form_progress\` has multiple permissive policies for role \`authenticator\` for action \`DELETE\`. Policies include \`{""Combined DELETE access for form_progress"",""Users can delete their own form progress""}\`",https://supabase.com/docs/guides/database/database-linter?lint=0006_multiple_permissive_policies,"{""name"":""form_progress"",""type"":""table"",""schema"":""public""}",multiple_permissive_policies_public_form_progress_authenticator_DELETE
multiple_permissive_policies,Multiple Permissive Policies,WARN,EXTERNAL,"[""PERFORMANCE""]",Detects if multiple permissive row level security policies are present on a table for the same \`role\` and \`action\` (e.g. insert). Multiple permissive policies are suboptimal for performance as each policy must be executed for every relevant query.,"Table \`public.form_progress\` has multiple permissive policies for role \`authenticator\` for action \`INSERT\`. Policies include \`{""Combined INSERT access for form_progress"",""Users can insert their own form progress""}\`",https://supabase.com/docs/guides/database/database-linter?lint=0006_multiple_permissive_policies,"{""name"":""form_progress"",""type"":""table"",""schema"":""public""}",multiple_permissive_policies_public_form_progress_authenticator_INSERT
multiple_permissive_policies,Multiple Permissive Policies,WARN,EXTERNAL,"[""PERFORMANCE""]",Detects if multiple permissive row level security policies are present on a table for the same \`role\` and \`action\` (e.g. insert). Multiple permissive policies are suboptimal for performance as each policy must be executed for every relevant query.,"Table \`public.form_progress\` has multiple permissive policies for role \`authenticator\` for action \`SELECT\`. Policies include \`{""Combined SELECT access for form_progress"",""Users can view their own form progress""}\`",https://supabase.com/docs/guides/database/database-linter?lint=0006_multiple_permissive_policies,"{""name"":""form_progress"",""type"":""table"",""schema"":""public""}",multiple_permissive_policies_public_form_progress_authenticator_SELECT
multiple_permissive_policies,Multiple Permissive Policies,WARN,EXTERNAL,"[""PERFORMANCE""]",Detects if multiple permissive row level security policies are present on a table for the same \`role\` and \`action\` (e.g. insert). Multiple permissive policies are suboptimal for performance as each policy must be executed for every relevant query.,"Table \`public.form_progress\` has multiple permissive policies for role \`authenticator\` for action \`UPDATE\`. Policies include \`{""Combined UPDATE access for form_progress"",""Users can update their own form progress""}\`",https://supabase.com/docs/guides/database/database-linter?lint=0006_multiple_permissive_policies,"{""name"":""form_progress"",""type"":""table"",""schema"":""public""}",multiple_permissive_policies_public_form_progress_authenticator_UPDATE
multiple_permissive_policies,Multiple Permissive Policies,WARN,EXTERNAL,"[""PERFORMANCE""]",Detects if multiple permissive row level security policies are present on a table for the same \`role\` and \`action\` (e.g. insert). Multiple permissive policies are suboptimal for performance as each policy must be executed for every relevant query.,"Table \`public.form_progress\` has multiple permissive policies for role \`dashboard_user\` for action \`DELETE\`. Policies include \`{""Combined DELETE access for form_progress"",""Users can delete their own form progress""}\`",https://supabase.com/docs/guides/database/database-linter?lint=0006_multiple_permissive_policies,"{""name"":""form_progress"",""type"":""table"",""schema"":""public""}",multiple_permissive_policies_public_form_progress_dashboard_user_DELETE
multiple_permissive_policies,Multiple Permissive Policies,WARN,EXTERNAL,"[""PERFORMANCE""]",Detects if multiple permissive row level security policies are present on a table for the same \`role\` and \`action\` (e.g. insert). Multiple permissive policies are suboptimal for performance as each policy must be executed for every relevant query.,"Table \`public.form_progress\` has multiple permissive policies for role \`dashboard_user\` for action \`INSERT\`. Policies include \`{""Combined INSERT access for form_progress"",""Users can insert their own form progress""}\`",https://supabase.com/docs/guides/database/database-linter?lint=0006_multiple_permissive_policies,"{""name"":""form_progress"",""type"":""table"",""schema"":""public""}",multiple_permissive_policies_public_form_progress_dashboard_user_INSERT
multiple_permissive_policies,Multiple Permissive Policies,WARN,EXTERNAL,"[""PERFORMANCE""]",Detects if multiple permissive row level security policies are present on a table for the same \`role\` and \`action\` (e.g. insert). Multiple permissive policies are suboptimal for performance as each policy must be executed for every relevant query.,"Table \`public.form_progress\` has multiple permissive policies for role \`dashboard_user\` for action \`SELECT\`. Policies include \`{""Combined SELECT access for form_progress"",""Users can view their own form progress""}\`",https://supabase.com/docs/guides/database/database-linter?lint=0006_multiple_permissive_policies,"{""name"":""form_progress"",""type"":""table"",""schema"":""public""}",multiple_permissive_policies_public_form_progress_dashboard_user_SELECT
multiple_permissive_policies,Multiple Permissive Policies,WARN,EXTERNAL,"[""PERFORMANCE""]",Detects if multiple permissive row level security policies are present on a table for the same \`role\` and \`action\` (e.g. insert). Multiple permissive policies are suboptimal for performance as each policy must be executed for every relevant query.,"Table \`public.form_progress\` has multiple permissive policies for role \`dashboard_user\` for action \`UPDATE\`. Policies include \`{""Combined UPDATE access for form_progress"",""Users can update their own form progress""}\`",https://supabase.com/docs/guides/database/database-linter?lint=0006_multiple_permissive_policies,"{""name"":""form_progress"",""type"":""table"",""schema"":""public""}",multiple_permissive_policies_public_form_progress_dashboard_user_UPDATE
multiple_permissive_policies,Multiple Permissive Policies,WARN,EXTERNAL,"[""PERFORMANCE""]",Detects if multiple permissive row level security policies are present on a table for the same \`role\` and \`action\` (e.g. insert). Multiple permissive policies are suboptimal for performance as each policy must be executed for every relevant query.,"Table \`public.profiles\` has multiple permissive policies for role \`anon\` for action \`DELETE\`. Policies include \`{""Admins can delete profiles"",""Users can delete own profile""}\`",https://supabase.com/docs/guides/database/database-linter?lint=0006_multiple_permissive_policies,"{""name"":""profiles"",""type"":""table"",""schema"":""public""}",multiple_permissive_policies_public_profiles_anon_DELETE
multiple_permissive_policies,Multiple Permissive Policies,WARN,EXTERNAL,"[""PERFORMANCE""]",Detects if multiple permissive row level security policies are present on a table for the same \`role\` and \`action\` (e.g. insert). Multiple permissive policies are suboptimal for performance as each policy must be executed for every relevant query.,"Table \`public.profiles\` has multiple permissive policies for role \`anon\` for action \`INSERT\`. Policies include \`{""Admins can insert profiles"",""Users can insert own profile""}\`",https://supabase.com/docs/guides/database/database-linter?lint=0006_multiple_permissive_policies,"{""name"":""profiles"",""type"":""table"",""schema"":""public""}",multiple_permissive_policies_public_profiles_anon_INSERT
multiple_permissive_policies,Multiple Permissive Policies,WARN,EXTERNAL,"[""PERFORMANCE""]",Detects if multiple permissive row level security policies are present on a table for the same \`role\` and \`action\` (e.g. insert). Multiple permissive policies are suboptimal for performance as each policy must be executed for every relevant query.,"Table \`public.profiles\` has multiple permissive policies for role \`anon\` for action \`SELECT\`. Policies include \`{""Admins can view all profiles"",""Users can view own profile""}\`",https://supabase.com/docs/guides/database/database-linter?lint=0006_multiple_permissive_policies,"{""name"":""profiles"",""type"":""table"",""schema"":""public""}",multiple_permissive_policies_public_profiles_anon_SELECT
multiple_permissive_policies,Multiple Permissive Policies,WARN,EXTERNAL,"[""PERFORMANCE""]",Detects if multiple permissive row level security policies are present on a table for the same \`role\` and \`action\` (e.g. insert). Multiple permissive policies are suboptimal for performance as each policy must be executed for every relevant query.,"Table \`public.profiles\` has multiple permissive policies for role \`anon\` for action \`UPDATE\`. Policies include \`{""Admins can update all profiles"",""Users can update own profile""}\`",https://supabase.com/docs/guides/database/database-linter?lint=0006_multiple_permissive_policies,"{""name"":""profiles"",""type"":""table"",""schema"":""public""}",multiple_permissive_policies_public_profiles_anon_UPDATE
multiple_permissive_policies,Multiple Permissive Policies,WARN,EXTERNAL,"[""PERFORMANCE""]",Detects if multiple permissive row level security policies are present on a table for the same \`role\` and \`action\` (e.g. insert). Multiple permissive policies are suboptimal for performance as each policy must be executed for every relevant query.,"Table \`public.profiles\` has multiple permissive policies for role \`authenticated\` for action \`DELETE\`. Policies include \`{""Admins can delete profiles"",""Users can delete own profile""}\`",https://supabase.com/docs/guides/database/database-linter?lint=0006_multiple_permissive_policies,"{""name"":""profiles"",""type"":""table"",""schema"":""public""}",multiple_permissive_policies_public_profiles_authenticated_DELETE
multiple_permissive_policies,Multiple Permissive Policies,WARN,EXTERNAL,"[""PERFORMANCE""]",Detects if multiple permissive row level security policies are present on a table for the same \`role\` and \`action\` (e.g. insert). Multiple permissive policies are suboptimal for performance as each policy must be executed for every relevant query.,"Table \`public.profiles\` has multiple permissive policies for role \`authenticated\` for action \`INSERT\`. Policies include \`{""Admins can insert profiles"",""Users can insert own profile""}\`",https://supabase.com/docs/guides/database/database-linter?lint=0006_multiple_permissive_policies,"{""name"":""profiles"",""type"":""table"",""schema"":""public""}",multiple_permissive_policies_public_profiles_authenticated_INSERT
multiple_permissive_policies,Multiple Permissive Policies,WARN,EXTERNAL,"[""PERFORMANCE""]",Detects if multiple permissive row level security policies are present on a table for the same \`role\` and \`action\` (e.g. insert). Multiple permissive policies are suboptimal for performance as each policy must be executed for every relevant query.,"Table \`public.profiles\` has multiple permissive policies for role \`authenticated\` for action \`SELECT\`. Policies include \`{""Admins can view all profiles"",""Users can view own profile""}\`",https://supabase.com/docs/guides/database/database-linter?lint=0006_multiple_permissive_policies,"{""name"":""profiles"",""type"":""table"",""schema"":""public""}",multiple_permissive_policies_public_profiles_authenticated_SELECT
multiple_permissive_policies,Multiple Permissive Policies,WARN,EXTERNAL,"[""PERFORMANCE""]",Detects if multiple permissive row level security policies are present on a table for the same \`role\` and \`action\` (e.g. insert). Multiple permissive policies are suboptimal for performance as each policy must be executed for every relevant query.,"Table \`public.profiles\` has multiple permissive policies for role \`authenticated\` for action \`UPDATE\`. Policies include \`{""Admins can update all profiles"",""Users can update own profile""}\`",https://supabase.com/docs/guides/database/database-linter?lint=0006_multiple_permissive_policies,"{""name"":""profiles"",""type"":""table"",""schema"":""public""}",multiple_permissive_policies_public_profiles_authenticated_UPDATE
multiple_permissive_policies,Multiple Permissive Policies,WARN,EXTERNAL,"[""PERFORMANCE""]",Detects if multiple permissive row level security policies are present on a table for the same \`role\` and \`action\` (e.g. insert). Multiple permissive policies are suboptimal for performance as each policy must be executed for every relevant query.,"Table \`public.profiles\` has multiple permissive policies for role \`authenticator\` for action \`DELETE\`. Policies include \`{""Admins can delete profiles"",""Users can delete own profile""}\`",https://supabase.com/docs/guides/database/database-linter?lint=0006_multiple_permissive_policies,"{""name"":""profiles"",""type"":""table"",""schema"":""public""}",multiple_permissive_policies_public_profiles_authenticator_DELETE
multiple_permissive_policies,Multiple Permissive Policies,WARN,EXTERNAL,"[""PERFORMANCE""]",Detects if multiple permissive row level security policies are present on a table for the same \`role\` and \`action\` (e.g. insert). Multiple permissive policies are suboptimal for performance as each policy must be executed for every relevant query.,"Table \`public.profiles\` has multiple permissive policies for role \`authenticator\` for action \`INSERT\`. Policies include \`{""Admins can insert profiles"",""Users can insert own profile""}\`",https://supabase.com/docs/guides/database/database-linter?lint=0006_multiple_permissive_policies,"{""name"":""profiles"",""type"":""table"",""schema"":""public""}",multiple_permissive_policies_public_profiles_authenticator_INSERT
multiple_permissive_policies,Multiple Permissive Policies,WARN,EXTERNAL,"[""PERFORMANCE""]",Detects if multiple permissive row level security policies are present on a table for the same \`role\` and \`action\` (e.g. insert). Multiple permissive policies are suboptimal for performance as each policy must be executed for every relevant query.,"Table \`public.profiles\` has multiple permissive policies for role \`authenticator\` for action \`SELECT\`. Policies include \`{""Admins can view all profiles"",""Users can view own profile""}\`",https://supabase.com/docs/guides/database/database-linter?lint=0006_multiple_permissive_policies,"{""name"":""profiles"",""type"":""table"",""schema"":""public""}",multiple_permissive_policies_public_profiles_authenticator_SELECT
multiple_permissive_policies,Multiple Permissive Policies,WARN,EXTERNAL,"[""PERFORMANCE""]",Detects if multiple permissive row level security policies are present on a table for the same \`role\` and \`action\` (e.g. insert). Multiple permissive policies are suboptimal for performance as each policy must be executed for every relevant query.,"Table \`public.profiles\` has multiple permissive policies for role \`authenticator\` for action \`UPDATE\`. Policies include \`{""Admins can update all profiles"",""Users can update own profile""}\`",https://supabase.com/docs/guides/database/database-linter?lint=0006_multiple_permissive_policies,"{""name"":""profiles"",""type"":""table"",""schema"":""public""}",multiple_permissive_policies_public_profiles_authenticator_UPDATE
multiple_permissive_policies,Multiple Permissive Policies,WARN,EXTERNAL,"[""PERFORMANCE""]",Detects if multiple permissive row level security policies are present on a table for the same \`role\` and \`action\` (e.g. insert). Multiple permissive policies are suboptimal for performance as each policy must be executed for every relevant query.,"Table \`public.profiles\` has multiple permissive policies for role \`dashboard_user\` for action \`DELETE\`. Policies include \`{""Admins can delete profiles"",""Users can delete own profile""}\`",https://supabase.com/docs/guides/database/database-linter?lint=0006_multiple_permissive_policies,"{""name"":""profiles"",""type"":""table"",""schema"":""public""}",multiple_permissive_policies_public_profiles_dashboard_user_DELETE
multiple_permissive_policies,Multiple Permissive Policies,WARN,EXTERNAL,"[""PERFORMANCE""]",Detects if multiple permissive row level security policies are present on a table for the same \`role\` and \`action\` (e.g. insert). Multiple permissive policies are suboptimal for performance as each policy must be executed for every relevant query.,"Table \`public.profiles\` has multiple permissive policies for role \`dashboard_user\` for action \`INSERT\`. Policies include \`{""Admins can insert profiles"",""Users can insert own profile""}\`",https://supabase.com/docs/guides/database/database-linter?lint=0006_multiple_permissive_policies,"{""name"":""profiles"",""type"":""table"",""schema"":""public""}",multiple_permissive_policies_public_profiles_dashboard_user_INSERT
multiple_permissive_policies,Multiple Permissive Policies,WARN,EXTERNAL,"[""PERFORMANCE""]",Detects if multiple permissive row level security policies are present on a table for the same \`role\` and \`action\` (e.g. insert). Multiple permissive policies are suboptimal for performance as each policy must be executed for every relevant query.,"Table \`public.profiles\` has multiple permissive policies for role \`dashboard_user\` for action \`SELECT\`. Policies include \`{""Admins can view all profiles"",""Users can view own profile""}\`",https://supabase.com/docs/guides/database/database-linter?lint=0006_multiple_permissive_policies,"{""name"":""profiles"",""type"":""table"",""schema"":""public""}",multiple_permissive_policies_public_profiles_dashboard_user_SELECT
multiple_permissive_policies,Multiple Permissive Policies,WARN,EXTERNAL,"[""PERFORMANCE""]",Detects if multiple permissive row level security policies are present on a table for the same \`role\` and \`action\` (e.g. insert). Multiple permissive policies are suboptimal for performance as each policy must be executed for every relevant query.,"Table \`public.profiles\` has multiple permissive policies for role \`dashboard_user\` for action \`UPDATE\`. Policies include \`{""Admins can update all profiles"",""Users can update own profile""}\`",https://supabase.com/docs/guides/database/database-linter?lint=0006_multiple_permissive_policies,"{""name"":""profiles"",""type"":""table"",""schema"":""public""}",multiple_permissive_policies_public_profiles_dashboard_user_UPDATE
multiple_permissive_policies,Multiple Permissive Policies,WARN,EXTERNAL,"[""PERFORMANCE""]",Detects if multiple permissive row level security policies are present on a table for the same \`role\` and \`action\` (e.g. insert). Multiple permissive policies are suboptimal for performance as each policy must be executed for every relevant query.,"Table \`public.tax_returns\` has multiple permissive policies for role \`anon\` for action \`INSERT\`. Policies include \`{""Admins can insert tax returns"",""Combined INSERT access for tax_returns"",""Users can create own tax returns""}\`",https://supabase.com/docs/guides/database/database-linter?lint=0006_multiple_permissive_policies,"{""name"":""tax_returns"",""type"":""table"",""schema"":""public""}",multiple_permissive_policies_public_tax_returns_anon_INSERT
multiple_permissive_policies,Multiple Permissive Policies,WARN,EXTERNAL,"[""PERFORMANCE""]",Detects if multiple permissive row level security policies are present on a table for the same \`role\` and \`action\` (e.g. insert). Multiple permissive policies are suboptimal for performance as each policy must be executed for every relevant query.,"Table \`public.tax_returns\` has multiple permissive policies for role \`anon\` for action \`SELECT\`. Policies include \`{""Admins can view all tax returns"",""Combined SELECT access for tax_returns"",""Users can view own tax returns""}\`",https://supabase.com/docs/guides/database/database-linter?lint=0006_multiple_permissive_policies,"{""name"":""tax_returns"",""type"":""table"",""schema"":""public""}",multiple_permissive_policies_public_tax_returns_anon_SELECT
multiple_permissive_policies,Multiple Permissive Policies,WARN,EXTERNAL,"[""PERFORMANCE""]",Detects if multiple permissive row level security policies are present on a table for the same \`role\` and \`action\` (e.g. insert). Multiple permissive policies are suboptimal for performance as each policy must be executed for every relevant query.,"Table \`public.tax_returns\` has multiple permissive policies for role \`authenticated\` for action \`INSERT\`. Policies include \`{""Admins can insert tax returns"",""Combined INSERT access for tax_returns"",""Users can create own tax returns""}\`",https://supabase.com/docs/guides/database/database-linter?lint=0006_multiple_permissive_policies,"{""name"":""tax_returns"",""type"":""table"",""schema"":""public""}",multiple_permissive_policies_public_tax_returns_authenticated_INSERT
multiple_permissive_policies,Multiple Permissive Policies,WARN,EXTERNAL,"[""PERFORMANCE""]",Detects if multiple permissive row level security policies are present on a table for the same \`role\` and \`action\` (e.g. insert). Multiple permissive policies are suboptimal for performance as each policy must be executed for every relevant query.,"Table \`public.tax_returns\` has multiple permissive policies for role \`authenticated\` for action \`SELECT\`. Policies include \`{""Admins can view all tax returns"",""Combined SELECT access for tax_returns"",""Users can view own tax returns""}\`",https://supabase.com/docs/guides/database/database-linter?lint=0006_multiple_permissive_policies,"{""name"":""tax_returns"",""type"":""table"",""schema"":""public""}",multiple_permissive_policies_public_tax_returns_authenticated_SELECT
multiple_permissive_policies,Multiple Permissive Policies,WARN,EXTERNAL,"[""PERFORMANCE""]",Detects if multiple permissive row level security policies are present on a table for the same \`role\` and \`action\` (e.g. insert). Multiple permissive policies are suboptimal for performance as each policy must be executed for every relevant query.,"Table \`public.tax_returns\` has multiple permissive policies for role \`authenticator\` for action \`INSERT\`. Policies include \`{""Admins can insert tax returns"",""Combined INSERT access for tax_returns"",""Users can create own tax returns""}\`",https://supabase.com/docs/guides/database/database-linter?lint=0006_multiple_permissive_policies,"{""name"":""tax_returns"",""type"":""table"",""schema"":""public""}",multiple_permissive_policies_public_tax_returns_authenticator_INSERT
multiple_permissive_policies,Multiple Permissive Policies,WARN,EXTERNAL,"[""PERFORMANCE""]",Detects if multiple permissive row level security policies are present on a table for the same \`role\` and \`action\` (e.g. insert). Multiple permissive policies are suboptimal for performance as each policy must be executed for every relevant query.,"Table \`public.tax_returns\` has multiple permissive policies for role \`authenticator\` for action \`SELECT\`. Policies include \`{""Admins can view all tax returns"",""Combined SELECT access for tax_returns"",""Users can view own tax returns""}\`",https://supabase.com/docs/guides/database/database-linter?lint=0006_multiple_permissive_policies,"{""name"":""tax_returns"",""type"":""table"",""schema"":""public""}",multiple_permissive_policies_public_tax_returns_authenticator_SELECT
multiple_permissive_policies,Multiple Permissive Policies,WARN,EXTERNAL,"[""PERFORMANCE""]",Detects if multiple permissive row level security policies are present on a table for the same \`role\` and \`action\` (e.g. insert). Multiple permissive policies are suboptimal for performance as each policy must be executed for every relevant query.,"Table \`public.tax_returns\` has multiple permissive policies for role \`dashboard_user\` for action \`INSERT\`. Policies include \`{""Admins can insert tax returns"",""Combined INSERT access for tax_returns"",""Users can create own tax returns""}\`",https://supabase.com/docs/guides/database/database-linter?lint=0006_multiple_permissive_policies,"{""name"":""tax_returns"",""type"":""table"",""schema"":""public""}",multiple_permissive_policies_public_tax_returns_dashboard_user_INSERT
multiple_permissive_policies,Multiple Permissive Policies,WARN,EXTERNAL,"[""PERFORMANCE""]",Detects if multiple permissive row level security policies are present on a table for the same \`role\` and \`action\` (e.g. insert). Multiple permissive policies are suboptimal for performance as each policy must be executed for every relevant query.,"Table \`public.tax_returns\` has multiple permissive policies for role \`dashboard_user\` for action \`SELECT\`. Policies include \`{""Admins can view all tax returns"",""Combined SELECT access for tax_returns"",""Users can view own tax returns""}\`",https://supabase.com/docs/guides/database/database-linter?lint=0006_multiple_permissive_policies,"{""name"":""tax_returns"",""type"":""table"",""schema"":""public""}",multiple_permissive_policies_public_tax_returns_dashboard_user_SELECT
multiple_permissive_policies,Multiple Permissive Policies,WARN,EXTERNAL,"[""PERFORMANCE""]",Detects if multiple permissive row level security policies are present on a table for the same \`role\` and \`action\` (e.g. insert). Multiple permissive policies are suboptimal for performance as each policy must be executed for every relevant query.,"Table \`public.ticket_attachments\` has multiple permissive policies for role \`anon\` for action \`INSERT\`. Policies include \`{""Admins can create attachments for all tickets"",""Users can create attachments for their tickets""}\`",https://supabase.com/docs/guides/database/database-linter?lint=0006_multiple_permissive_policies,"{""name"":""ticket_attachments"",""type"":""table"",""schema"":""public""}",multiple_permissive_policies_public_ticket_attachments_anon_INSERT
multiple_permissive_policies,Multiple Permissive Policies,WARN,EXTERNAL,"[""PERFORMANCE""]",Detects if multiple permissive row level security policies are present on a table for the same \`role\` and \`action\` (e.g. insert). Multiple permissive policies are suboptimal for performance as each policy must be executed for every relevant query.,"Table \`public.ticket_attachments\` has multiple permissive policies for role \`anon\` for action \`SELECT\`. Policies include \`{""Admins can view all ticket attachments"",""Users can view attachments from their tickets""}\`",https://supabase.com/docs/guides/database/database-linter?lint=0006_multiple_permissive_policies,"{""name"":""ticket_attachments"",""type"":""table"",""schema"":""public""}",multiple_permissive_policies_public_ticket_attachments_anon_SELECT
multiple_permissive_policies,Multiple Permissive Policies,WARN,EXTERNAL,"[""PERFORMANCE""]",Detects if multiple permissive row level security policies are present on a table for the same \`role\` and \`action\` (e.g. insert). Multiple permissive policies are suboptimal for performance as each policy must be executed for every relevant query.,"Table \`public.ticket_attachments\` has multiple permissive policies for role \`authenticated\` for action \`INSERT\`. Policies include \`{""Admins can create attachments for all tickets"",""Users can create attachments for their tickets""}\`",https://supabase.com/docs/guides/database/database-linter?lint=0006_multiple_permissive_policies,"{""name"":""ticket_attachments"",""type"":""table"",""schema"":""public""}",multiple_permissive_policies_public_ticket_attachments_authenticated_INSERT
multiple_permissive_policies,Multiple Permissive Policies,WARN,EXTERNAL,"[""PERFORMANCE""]",Detects if multiple permissive row level security policies are present on a table for the same \`role\` and \`action\` (e.g. insert). Multiple permissive policies are suboptimal for performance as each policy must be executed for every relevant query.,"Table \`public.ticket_attachments\` has multiple permissive policies for role \`authenticated\` for action \`SELECT\`. Policies include \`{""Admins can view all ticket attachments"",""Users can view attachments from their tickets""}\`",https://supabase.com/docs/guides/database/database-linter?lint=0006_multiple_permissive_policies,"{""name"":""ticket_attachments"",""type"":""table"",""schema"":""public""}",multiple_permissive_policies_public_ticket_attachments_authenticated_SELECT
multiple_permissive_policies,Multiple Permissive Policies,WARN,EXTERNAL,"[""PERFORMANCE""]",Detects if multiple permissive row level security policies are present on a table for the same \`role\` and \`action\` (e.g. insert). Multiple permissive policies are suboptimal for performance as each policy must be executed for every relevant query.,"Table \`public.ticket_attachments\` has multiple permissive policies for role \`authenticator\` for action \`INSERT\`. Policies include \`{""Admins can create attachments for all tickets"",""Users can create attachments for their tickets""}\`",https://supabase.com/docs/guides/database/database-linter?lint=0006_multiple_permissive_policies,"{""name"":""ticket_attachments"",""type"":""table"",""schema"":""public""}",multiple_permissive_policies_public_ticket_attachments_authenticator_INSERT
multiple_permissive_policies,Multiple Permissive Policies,WARN,EXTERNAL,"[""PERFORMANCE""]",Detects if multiple permissive row level security policies are present on a table for the same \`role\` and \`action\` (e.g. insert). Multiple permissive policies are suboptimal for performance as each policy must be executed for every relevant query.,"Table \`public.ticket_attachments\` has multiple permissive policies for role \`authenticator\` for action \`SELECT\`. Policies include \`{""Admins can view all ticket attachments"",""Users can view attachments from their tickets""}\`",https://supabase.com/docs/guides/database/database-linter?lint=0006_multiple_permissive_policies,"{""name"":""ticket_attachments"",""type"":""table"",""schema"":""public""}",multiple_permissive_policies_public_ticket_attachments_authenticator_SELECT
multiple_permissive_policies,Multiple Permissive Policies,WARN,EXTERNAL,"[""PERFORMANCE""]",Detects if multiple permissive row level security policies are present on a table for the same \`role\` and \`action\` (e.g. insert). Multiple permissive policies are suboptimal for performance as each policy must be executed for every relevant query.,"Table \`public.ticket_attachments\` has multiple permissive policies for role \`dashboard_user\` for action \`INSERT\`. Policies include \`{""Admins can create attachments for all tickets"",""Users can create attachments for their tickets""}\`",https://supabase.com/docs/guides/database/database-linter?lint=0006_multiple_permissive_policies,"{""name"":""ticket_attachments"",""type"":""table"",""schema"":""public""}",multiple_permissive_policies_public_ticket_attachments_dashboard_user_INSERT
multiple_permissive_policies,Multiple Permissive Policies,WARN,EXTERNAL,"[""PERFORMANCE""]",Detects if multiple permissive row level security policies are present on a table for the same \`role\` and \`action\` (e.g. insert). Multiple permissive policies are suboptimal for performance as each policy must be executed for every relevant query.,"Table \`public.ticket_attachments\` has multiple permissive policies for role \`dashboard_user\` for action \`SELECT\`. Policies include \`{""Admins can view all ticket attachments"",""Users can view attachments from their tickets""}\`",https://supabase.com/docs/guides/database/database-linter?lint=0006_multiple_permissive_policies,"{""name"":""ticket_attachments"",""type"":""table"",""schema"":""public""}",multiple_permissive_policies_public_ticket_attachments_dashboard_user_SELECT
multiple_permissive_policies,Multiple Permissive Policies,WARN,EXTERNAL,"[""PERFORMANCE""]",Detects if multiple permissive row level security policies are present on a table for the same \`role\` and \`action\` (e.g. insert). Multiple permissive policies are suboptimal for performance as each policy must be executed for every relevant query.,"Table \`public.ticket_messages\` has multiple permissive policies for role \`anon\` for action \`INSERT\`. Policies include \`{""Admins can create messages for all tickets"",""Users can create messages for their tickets""}\`",https://supabase.com/docs/guides/database/database-linter?lint=0006_multiple_permissive_policies,"{""name"":""ticket_messages"",""type"":""table"",""schema"":""public""}",multiple_permissive_policies_public_ticket_messages_anon_INSERT
multiple_permissive_policies,Multiple Permissive Policies,WARN,EXTERNAL,"[""PERFORMANCE""]",Detects if multiple permissive row level security policies are present on a table for the same \`role\` and \`action\` (e.g. insert). Multiple permissive policies are suboptimal for performance as each policy must be executed for every relevant query.,"Table \`public.ticket_messages\` has multiple permissive policies for role \`anon\` for action \`SELECT\`. Policies include \`{""Admins can view all ticket messages"",""Users can view messages from their tickets""}\`",https://supabase.com/docs/guides/database/database-linter?lint=0006_multiple_permissive_policies,"{""name"":""ticket_messages"",""type"":""table"",""schema"":""public""}",multiple_permissive_policies_public_ticket_messages_anon_SELECT
multiple_permissive_policies,Multiple Permissive Policies,WARN,EXTERNAL,"[""PERFORMANCE""]",Detects if multiple permissive row level security policies are present on a table for the same \`role\` and \`action\` (e.g. insert). Multiple permissive policies are suboptimal for performance as each policy must be executed for every relevant query.,"Table \`public.ticket_messages\` has multiple permissive policies for role \`authenticated\` for action \`INSERT\`. Policies include \`{""Admins can create messages for all tickets"",""Users can create messages for their tickets""}\`",https://supabase.com/docs/guides/database/database-linter?lint=0006_multiple_permissive_policies,"{""name"":""ticket_messages"",""type"":""table"",""schema"":""public""}",multiple_permissive_policies_public_ticket_messages_authenticated_INSERT
multiple_permissive_policies,Multiple Permissive Policies,WARN,EXTERNAL,"[""PERFORMANCE""]",Detects if multiple permissive row level security policies are present on a table for the same \`role\` and \`action\` (e.g. insert). Multiple permissive policies are suboptimal for performance as each policy must be executed for every relevant query.,"Table \`public.ticket_messages\` has multiple permissive policies for role \`authenticated\` for action \`SELECT\`. Policies include \`{""Admins can view all ticket messages"",""Users can view messages from their tickets""}\`",https://supabase.com/docs/guides/database/database-linter?lint=0006_multiple_permissive_policies,"{""name"":""ticket_messages"",""type"":""table"",""schema"":""public""}",multiple_permissive_policies_public_ticket_messages_authenticated_SELECT
multiple_permissive_policies,Multiple Permissive Policies,WARN,EXTERNAL,"[""PERFORMANCE""]",Detects if multiple permissive row level security policies are present on a table for the same \`role\` and \`action\` (e.g. insert). Multiple permissive policies are suboptimal for performance as each policy must be executed for every relevant query.,"Table \`public.ticket_messages\` has multiple permissive policies for role \`authenticator\` for action \`INSERT\`. Policies include \`{""Admins can create messages for all tickets"",""Users can create messages for their tickets""}\`",https://supabase.com/docs/guides/database/database-linter?lint=0006_multiple_permissive_policies,"{""name"":""ticket_messages"",""type"":""table"",""schema"":""public""}",multiple_permissive_policies_public_ticket_messages_authenticator_INSERT
multiple_permissive_policies,Multiple Permissive Policies,WARN,EXTERNAL,"[""PERFORMANCE""]",Detects if multiple permissive row level security policies are present on a table for the same \`role\` and \`action\` (e.g. insert). Multiple permissive policies are suboptimal for performance as each policy must be executed for every relevant query.,"Table \`public.ticket_messages\` has multiple permissive policies for role \`authenticator\` for action \`SELECT\`. Policies include \`{""Admins can view all ticket messages"",""Users can view messages from their tickets""}\`",https://supabase.com/docs/guides/database/database-linter?lint=0006_multiple_permissive_policies,"{""name"":""ticket_messages"",""type"":""table"",""schema"":""public""}",multiple_permissive_policies_public_ticket_messages_authenticator_SELECT
multiple_permissive_policies,Multiple Permissive Policies,WARN,EXTERNAL,"[""PERFORMANCE""]",Detects if multiple permissive row level security policies are present on a table for the same \`role\` and \`action\` (e.g. insert). Multiple permissive policies are suboptimal for performance as each policy must be executed for every relevant query.,"Table \`public.ticket_messages\` has multiple permissive policies for role \`dashboard_user\` for action \`INSERT\`. Policies include \`{""Admins can create messages for all tickets"",""Users can create messages for their tickets""}\`",https://supabase.com/docs/guides/database/database-linter?lint=0006_multiple_permissive_policies,"{""name"":""ticket_messages"",""type"":""table"",""schema"":""public""}",multiple_permissive_policies_public_ticket_messages_dashboard_user_INSERT
multiple_permissive_policies,Multiple Permissive Policies,WARN,EXTERNAL,"[""PERFORMANCE""]",Detects if multiple permissive row level security policies are present on a table for the same \`role\` and \`action\` (e.g. insert). Multiple permissive policies are suboptimal for performance as each policy must be executed for every relevant query.,"Table \`public.ticket_messages\` has multiple permissive policies for role \`dashboard_user\` for action \`SELECT\`. Policies include \`{""Admins can view all ticket messages"",""Users can view messages from their tickets""}\`",https://supabase.com/docs/guides/database/database-linter?lint=0006_multiple_permissive_policies,"{""name"":""ticket_messages"",""type"":""table"",""schema"":""public""}",multiple_permissive_policies_public_ticket_messages_dashboard_user_SELECT
multiple_permissive_policies,Multiple Permissive Policies,WARN,EXTERNAL,"[""PERFORMANCE""]",Detects if multiple permissive row level security policies are present on a table for the same \`role\` and \`action\` (e.g. insert). Multiple permissive policies are suboptimal for performance as each policy must be executed for every relevant query.,"Table \`public.uploaded_documents\` has multiple permissive policies for role \`anon\` for action \`INSERT\`. Policies include \`{""Admins can upload documents"",""Combined INSERT access for uploaded_documents""}\`",https://supabase.com/docs/guides/database/database-linter?lint=0006_multiple_permissive_policies,"{""name"":""uploaded_documents"",""type"":""table"",""schema"":""public""}",multiple_permissive_policies_public_uploaded_documents_anon_INSERT
multiple_permissive_policies,Multiple Permissive Policies,WARN,EXTERNAL,"[""PERFORMANCE""]",Detects if multiple permissive row level security policies are present on a table for the same \`role\` and \`action\` (e.g. insert). Multiple permissive policies are suboptimal for performance as each policy must be executed for every relevant query.,"Table \`public.uploaded_documents\` has multiple permissive policies for role \`anon\` for action \`SELECT\`. Policies include \`{""Combined SELECT access for uploaded_documents"",""Users can view their own active documents""}\`",https://supabase.com/docs/guides/database/database-linter?lint=0006_multiple_permissive_policies,"{""name"":""uploaded_documents"",""type"":""table"",""schema"":""public""}",multiple_permissive_policies_public_uploaded_documents_anon_SELECT
multiple_permissive_policies,Multiple Permissive Policies,WARN,EXTERNAL,"[""PERFORMANCE""]",Detects if multiple permissive row level security policies are present on a table for the same \`role\` and \`action\` (e.g. insert). Multiple permissive policies are suboptimal for performance as each policy must be executed for every relevant query.,"Table \`public.uploaded_documents\` has multiple permissive policies for role \`authenticated\` for action \`INSERT\`. Policies include \`{""Admins can upload documents"",""Combined INSERT access for uploaded_documents""}\`",https://supabase.com/docs/guides/database/database-linter?lint=0006_multiple_permissive_policies,"{""name"":""uploaded_documents"",""type"":""table"",""schema"":""public""}",multiple_permissive_policies_public_uploaded_documents_authenticated_INSERT
multiple_permissive_policies,Multiple Permissive Policies,WARN,EXTERNAL,"[""PERFORMANCE""]",Detects if multiple permissive row level security policies are present on a table for the same \`role\` and \`action\` (e.g. insert). Multiple permissive policies are suboptimal for performance as each policy must be executed for every relevant query.,"Table \`public.uploaded_documents\` has multiple permissive policies for role \`authenticated\` for action \`SELECT\`. Policies include \`{""Combined SELECT access for uploaded_documents"",""Users can view their own active documents""}\`",https://supabase.com/docs/guides/database/database-linter?lint=0006_multiple_permissive_policies,"{""name"":""uploaded_documents"",""type"":""table"",""schema"":""public""}",multiple_permissive_policies_public_uploaded_documents_authenticated_SELECT
multiple_permissive_policies,Multiple Permissive Policies,WARN,EXTERNAL,"[""PERFORMANCE""]",Detects if multiple permissive row level security policies are present on a table for the same \`role\` and \`action\` (e.g. insert). Multiple permissive policies are suboptimal for performance as each policy must be executed for every relevant query.,"Table \`public.uploaded_documents\` has multiple permissive policies for role \`authenticator\` for action \`INSERT\`. Policies include \`{""Admins can upload documents"",""Combined INSERT access for uploaded_documents""}\`",https://supabase.com/docs/guides/database/database-linter?lint=0006_multiple_permissive_policies,"{""name"":""uploaded_documents"",""type"":""table"",""schema"":""public""}",multiple_permissive_policies_public_uploaded_documents_authenticator_INSERT
multiple_permissive_policies,Multiple Permissive Policies,WARN,EXTERNAL,"[""PERFORMANCE""]",Detects if multiple permissive row level security policies are present on a table for the same \`role\` and \`action\` (e.g. insert). Multiple permissive policies are suboptimal for performance as each policy must be executed for every relevant query.,"Table \`public.uploaded_documents\` has multiple permissive policies for role \`authenticator\` for action \`SELECT\`. Policies include \`{""Combined SELECT access for uploaded_documents"",""Users can view their own active documents""}\`",https://supabase.com/docs/guides/database/database-linter?lint=0006_multiple_permissive_policies,"{""name"":""uploaded_documents"",""type"":""table"",""schema"":""public""}",multiple_permissive_policies_public_uploaded_documents_authenticator_SELECT
multiple_permissive_policies,Multiple Permissive Policies,WARN,EXTERNAL,"[""PERFORMANCE""]",Detects if multiple permissive row level security policies are present on a table for the same \`role\` and \`action\` (e.g. insert). Multiple permissive policies are suboptimal for performance as each policy must be executed for every relevant query.,"Table \`public.uploaded_documents\` has multiple permissive policies for role \`dashboard_user\` for action \`INSERT\`. Policies include \`{""Admins can upload documents"",""Combined INSERT access for uploaded_documents""}\`",https://supabase.com/docs/guides/database/database-linter?lint=0006_multiple_permissive_policies,"{""name"":""uploaded_documents"",""type"":""table"",""schema"":""public""}",multiple_permissive_policies_public_uploaded_documents_dashboard_user_INSERT
multiple_permissive_policies,Multiple Permissive Policies,WARN,EXTERNAL,"[""PERFORMANCE""]",Detects if multiple permissive row level security policies are present on a table for the same \`role\` and \`action\` (e.g. insert). Multiple permissive policies are suboptimal for performance as each policy must be executed for every relevant query.,"Table \`public.uploaded_documents\` has multiple permissive policies for role \`dashboard_user\` for action \`SELECT\`. Policies include \`{""Combined SELECT access for uploaded_documents"",""Users can view their own active documents""}\`",https://supabase.com/docs/guides/database/database-linter?lint=0006_multiple_permissive_policies,"{""name"":""uploaded_documents"",""type"":""table"",""schema"":""public""}",multiple_permissive_policies_public_uploaded_documents_dashboard_user_SELECT
multiple_permissive_policies,Multiple Permissive Policies,WARN,EXTERNAL,"[""PERFORMANCE""]",Detects if multiple permissive row level security policies are present on a table for the same \`role\` and \`action\` (e.g. insert). Multiple permissive policies are suboptimal for performance as each policy must be executed for every relevant query.,"Table \`public.user_consents\` has multiple permissive policies for role \`anon\` for action \`SELECT\`. Policies include \`{""Admins can view all consents"",""Users can view their own consents""}\`",https://supabase.com/docs/guides/database/database-linter?lint=0006_multiple_permissive_policies,"{""name"":""user_consents"",""type"":""table"",""schema"":""public""}",multiple_permissive_policies_public_user_consents_anon_SELECT
multiple_permissive_policies,Multiple Permissive Policies,WARN,EXTERNAL,"[""PERFORMANCE""]",Detects if multiple permissive row level security policies are present on a table for the same \`role\` and \`action\` (e.g. insert). Multiple permissive policies are suboptimal for performance as each policy must be executed for every relevant query.,"Table \`public.user_consents\` has multiple permissive policies for role \`authenticated\` for action \`SELECT\`. Policies include \`{""Admins can view all consents"",""Users can view their own consents""}\`",https://supabase.com/docs/guides/database/database-linter?lint=0006_multiple_permissive_policies,"{""name"":""user_consents"",""type"":""table"",""schema"":""public""}",multiple_permissive_policies_public_user_consents_authenticated_SELECT
multiple_permissive_policies,Multiple Permissive Policies,WARN,EXTERNAL,"[""PERFORMANCE""]",Detects if multiple permissive row level security policies are present on a table for the same \`role\` and \`action\` (e.g. insert). Multiple permissive policies are suboptimal for performance as each policy must be executed for every relevant query.,"Table \`public.user_consents\` has multiple permissive policies for role \`authenticator\` for action \`SELECT\`. Policies include \`{""Admins can view all consents"",""Users can view their own consents""}\`",https://supabase.com/docs/guides/database/database-linter?lint=0006_multiple_permissive_policies,"{""name"":""user_consents"",""type"":""table"",""schema"":""public""}",multiple_permissive_policies_public_user_consents_authenticator_SELECT
multiple_permissive_policies,Multiple Permissive Policies,WARN,EXTERNAL,"[""PERFORMANCE""]",Detects if multiple permissive row level security policies are present on a table for the same \`role\` and \`action\` (e.g. insert). Multiple permissive policies are suboptimal for performance as each policy must be executed for every relevant query.,"Table \`public.user_consents\` has multiple permissive policies for role \`dashboard_user\` for action \`SELECT\`. Policies include \`{""Admins can view all consents"",""Users can view their own consents""}\`",https://supabase.com/docs/guides/database/database-linter?lint=0006_multiple_permissive_policies,"{""name"":""user_consents"",""type"":""table"",""schema"":""public""}",multiple_permissive_policies_public_user_consents_dashboard_user_SELECT
multiple_permissive_policies,Multiple Permissive Policies,WARN,EXTERNAL,"[""PERFORMANCE""]",Detects if multiple permissive row level security policies are present on a table for the same \`role\` and \`action\` (e.g. insert). Multiple permissive policies are suboptimal for performance as each policy must be executed for every relevant query.,"Table \`public.user_encryption_keys\` has multiple permissive policies for role \`anon\` for action \`SELECT\`. Policies include \`{""Admins can view all encryption keys"",""Users can view their own encryption keys""}\`",https://supabase.com/docs/guides/database/database-linter?lint=0006_multiple_permissive_policies,"{""name"":""user_encryption_keys"",""type"":""table"",""schema"":""public""}",multiple_permissive_policies_public_user_encryption_keys_anon_SELECT
multiple_permissive_policies,Multiple Permissive Policies,WARN,EXTERNAL,"[""PERFORMANCE""]",Detects if multiple permissive row level security policies are present on a table for the same \`role\` and \`action\` (e.g. insert). Multiple permissive policies are suboptimal for performance as each policy must be executed for every relevant query.,"Table \`public.user_encryption_keys\` has multiple permissive policies for role \`authenticated\` for action \`SELECT\`. Policies include \`{""Admins can view all encryption keys"",""Users can view their own encryption keys""}\`",https://supabase.com/docs/guides/database/database-linter?lint=0006_multiple_permissive_policies,"{""name"":""user_encryption_keys"",""type"":""table"",""schema"":""public""}",multiple_permissive_policies_public_user_encryption_keys_authenticated_SELECT
multiple_permissive_policies,Multiple Permissive Policies,WARN,EXTERNAL,"[""PERFORMANCE""]",Detects if multiple permissive row level security policies are present on a table for the same \`role\` and \`action\` (e.g. insert). Multiple permissive policies are suboptimal for performance as each policy must be executed for every relevant query.,"Table \`public.user_encryption_keys\` has multiple permissive policies for role \`authenticator\` for action \`SELECT\`. Policies include \`{""Admins can view all encryption keys"",""Users can view their own encryption keys""}\`",https://supabase.com/docs/guides/database/database-linter?lint=0006_multiple_permissive_policies,"{""name"":""user_encryption_keys"",""type"":""table"",""schema"":""public""}",multiple_permissive_policies_public_user_encryption_keys_authenticator_SELECT
multiple_permissive_policies,Multiple Permissive Policies,WARN,EXTERNAL,"[""PERFORMANCE""]",Detects if multiple permissive row level security policies are present on a table for the same \`role\` and \`action\` (e.g. insert). Multiple permissive policies are suboptimal for performance as each policy must be executed for every relevant query.,"Table \`public.user_encryption_keys\` has multiple permissive policies for role \`dashboard_user\` for action \`SELECT\`. Policies include \`{""Admins can view all encryption keys"",""Users can view their own encryption keys""}\`",https://supabase.com/docs/guides/database/database-linter?lint=0006_multiple_permissive_policies,"{""name"":""user_encryption_keys"",""type"":""table"",""schema"":""public""}",multiple_permissive_policies_public_user_encryption_keys_dashboard_user_SELECT
multiple_permissive_policies,Multiple Permissive Policies,WARN,EXTERNAL,"[""PERFORMANCE""]",Detects if multiple permissive row level security policies are present on a table for the same \`role\` and \`action\` (e.g. insert). Multiple permissive policies are suboptimal for performance as each policy must be executed for every relevant query.,"Table \`public.user_field_encryption_keys\` has multiple permissive policies for role \`anon\` for action \`SELECT\`. Policies include \`{""Service role can manage field keys"",""Users can view own field keys""}\`",https://supabase.com/docs/guides/database/database-linter?lint=0006_multiple_permissive_policies,"{""name"":""user_field_encryption_keys"",""type"":""table"",""schema"":""public""}",multiple_permissive_policies_public_user_field_encryption_keys_anon_SELECT
multiple_permissive_policies,Multiple Permissive Policies,WARN,EXTERNAL,"[""PERFORMANCE""]",Detects if multiple permissive row level security policies are present on a table for the same \`role\` and \`action\` (e.g. insert). Multiple permissive policies are suboptimal for performance as each policy must be executed for every relevant query.,"Table \`public.user_field_encryption_keys\` has multiple permissive policies for role \`authenticated\` for action \`SELECT\`. Policies include \`{""Service role can manage field keys"",""Users can view own field keys""}\`",https://supabase.com/docs/guides/database/database-linter?lint=0006_multiple_permissive_policies,"{""name"":""user_field_encryption_keys"",""type"":""table"",""schema"":""public""}",multiple_permissive_policies_public_user_field_encryption_keys_authenticated_SELECT
multiple_permissive_policies,Multiple Permissive Policies,WARN,EXTERNAL,"[""PERFORMANCE""]",Detects if multiple permissive row level security policies are present on a table for the same \`role\` and \`action\` (e.g. insert). Multiple permissive policies are suboptimal for performance as each policy must be executed for every relevant query.,"Table \`public.user_field_encryption_keys\` has multiple permissive policies for role \`authenticator\` for action \`SELECT\`. Policies include \`{""Service role can manage field keys"",""Users can view own field keys""}\`",https://supabase.com/docs/guides/database/database-linter?lint=0006_multiple_permissive_policies,"{""name"":""user_field_encryption_keys"",""type"":""table"",""schema"":""public""}",multiple_permissive_policies_public_user_field_encryption_keys_authenticator_SELECT
multiple_permissive_policies,Multiple Permissive Policies,WARN,EXTERNAL,"[""PERFORMANCE""]",Detects if multiple permissive row level security policies are present on a table for the same \`role\` and \`action\` (e.g. insert). Multiple permissive policies are suboptimal for performance as each policy must be executed for every relevant query.,"Table \`public.user_field_encryption_keys\` has multiple permissive policies for role \`dashboard_user\` for action \`SELECT\`. Policies include \`{""Service role can manage field keys"",""Users can view own field keys""}\`",https://supabase.com/docs/guides/database/database-linter?lint=0006_multiple_permissive_policies,"{""name"":""user_field_encryption_keys"",""type"":""table"",""schema"":""public""}",multiple_permissive_policies_public_user_field_encryption_keys_dashboard_user_SELECT
multiple_permissive_policies,Multiple Permissive Policies,WARN,EXTERNAL,"[""PERFORMANCE""]",Detects if multiple permissive row level security policies are present on a table for the same \`role\` and \`action\` (e.g. insert). Multiple permissive policies are suboptimal for performance as each policy must be executed for every relevant query.,"Table \`public.user_passkeys\` has multiple permissive policies for role \`anon\` for action \`SELECT\`. Policies include \`{""Admins can view all passkeys"",""Users can view their own passkeys""}\`",https://supabase.com/docs/guides/database/database-linter?lint=0006_multiple_permissive_policies,"{""name"":""user_passkeys"",""type"":""table"",""schema"":""public""}",multiple_permissive_policies_public_user_passkeys_anon_SELECT
multiple_permissive_policies,Multiple Permissive Policies,WARN,EXTERNAL,"[""PERFORMANCE""]",Detects if multiple permissive row level security policies are present on a table for the same \`role\` and \`action\` (e.g. insert). Multiple permissive policies are suboptimal for performance as each policy must be executed for every relevant query.,"Table \`public.user_passkeys\` has multiple permissive policies for role \`authenticated\` for action \`SELECT\`. Policies include \`{""Admins can view all passkeys"",""Users can view their own passkeys""}\`",https://supabase.com/docs/guides/database/database-linter?lint=0006_multiple_permissive_policies,"{""name"":""user_passkeys"",""type"":""table"",""schema"":""public""}",multiple_permissive_policies_public_user_passkeys_authenticated_SELECT
multiple_permissive_policies,Multiple Permissive Policies,WARN,EXTERNAL,"[""PERFORMANCE""]",Detects if multiple permissive row level security policies are present on a table for the same \`role\` and \`action\` (e.g. insert). Multiple permissive policies are suboptimal for performance as each policy must be executed for every relevant query.,"Table \`public.user_passkeys\` has multiple permissive policies for role \`authenticator\` for action \`SELECT\`. Policies include \`{""Admins can view all passkeys"",""Users can view their own passkeys""}\`",https://supabase.com/docs/guides/database/database-linter?lint=0006_multiple_permissive_policies,"{""name"":""user_passkeys"",""type"":""table"",""schema"":""public""}",multiple_permissive_policies_public_user_passkeys_authenticator_SELECT
multiple_permissive_policies,Multiple Permissive Policies,WARN,EXTERNAL,"[""PERFORMANCE""]",Detects if multiple permissive row level security policies are present on a table for the same \`role\` and \`action\` (e.g. insert). Multiple permissive policies are suboptimal for performance as each policy must be executed for every relevant query.,"Table \`public.user_passkeys\` has multiple permissive policies for role \`dashboard_user\` for action \`SELECT\`. Policies include \`{""Admins can view all passkeys"",""Users can view their own passkeys""}\`",https://supabase.com/docs/guides/database/database-linter?lint=0006_multiple_permissive_policies,"{""name"":""user_passkeys"",""type"":""table"",""schema"":""public""}",multiple_permissive_policies_public_user_passkeys_dashboard_user_SELECT
multiple_permissive_policies,Multiple Permissive Policies,WARN,EXTERNAL,"[""PERFORMANCE""]",Detects if multiple permissive row level security policies are present on a table for the same \`role\` and \`action\` (e.g. insert). Multiple permissive policies are suboptimal for performance as each policy must be executed for every relevant query.,"Table \`public.user_roles\` has multiple permissive policies for role \`anon\` for action \`SELECT\`. Policies include \`{""Admins can view all roles"",""Users can view their own roles""}\`",https://supabase.com/docs/guides/database/database-linter?lint=0006_multiple_permissive_policies,"{""name"":""user_roles"",""type"":""table"",""schema"":""public""}",multiple_permissive_policies_public_user_roles_anon_SELECT
multiple_permissive_policies,Multiple Permissive Policies,WARN,EXTERNAL,"[""PERFORMANCE""]",Detects if multiple permissive row level security policies are present on a table for the same \`role\` and \`action\` (e.g. insert). Multiple permissive policies are suboptimal for performance as each policy must be executed for every relevant query.,"Table \`public.user_roles\` has multiple permissive policies for role \`authenticated\` for action \`SELECT\`. Policies include \`{""Admins can view all roles"",""Users can view their own roles""}\`",https://supabase.com/docs/guides/database/database-linter?lint=0006_multiple_permissive_policies,"{""name"":""user_roles"",""type"":""table"",""schema"":""public""}",multiple_permissive_policies_public_user_roles_authenticated_SELECT
multiple_permissive_policies,Multiple Permissive Policies,WARN,EXTERNAL,"[""PERFORMANCE""]",Detects if multiple permissive row level security policies are present on a table for the same \`role\` and \`action\` (e.g. insert). Multiple permissive policies are suboptimal for performance as each policy must be executed for every relevant query.,"Table \`public.user_roles\` has multiple permissive policies for role \`authenticator\` for action \`SELECT\`. Policies include \`{""Admins can view all roles"",""Users can view their own roles""}\`",https://supabase.com/docs/guides/database/database-linter?lint=0006_multiple_permissive_policies,"{""name"":""user_roles"",""type"":""table"",""schema"":""public""}",multiple_permissive_policies_public_user_roles_authenticator_SELECT
multiple_permissive_policies,Multiple Permissive Policies,WARN,EXTERNAL,"[""PERFORMANCE""]",Detects if multiple permissive row level security policies are present on a table for the same \`role\` and \`action\` (e.g. insert). Multiple permissive policies are suboptimal for performance as each policy must be executed for every relevant query.,"Table \`public.user_roles\` has multiple permissive policies for role \`dashboard_user\` for action \`SELECT\`. Policies include \`{""Admins can view all roles"",""Users can view their own roles""}\`",https://supabase.com/docs/guides/database/database-linter?lint=0006_multiple_permissive_policies,"{""name"":""user_roles"",""type"":""table"",""schema"":""public""}",multiple_permissive_policies_public_user_roles_dashboard_user_SELECT